id,image,field,category,expected,predicted,error,review_category,review_notes
cord-validation-0001,images/cord-validation-0001.png,total_amount,value_mismatch,"""23.000""","""50.000""",,,
cord-validation-0002,images/cord-validation-0002.png,tax_amount,value_mismatch,"""1,818""","""10%""",,,
cord-validation-0002,images/cord-validation-0002.png,cash_amount,value_mismatch,"""100,000""","""20,000""",,,
cord-validation-0003,images/cord-validation-0003.png,tax_amount,value_mismatch,"""0""","""70%""",,,
cord-validation-0004,images/cord-validation-0004.png,change_amount,value_mismatch,""":9,000""","""9,000""",,,
cord-validation-0005,images/cord-validation-0005.png,subtotal_amount,value_mismatch,"""7,273""","""1.00""",,,
cord-validation-0005,images/cord-validation-0005.png,tax_amount,value_mismatch,"""727""","""7.273""",,,
cord-validation-0005,images/cord-validation-0005.png,total_amount,value_mismatch,"""8,000""","""8.000""",,,
cord-validation-0005,images/cord-validation-0005.png,cash_amount,value_mismatch,"""8,000""","""8.000""",,,
cord-validation-0007,images/cord-validation-0007.png,tax_amount,value_mismatch,"""5,409""","""9,545""",,,
cord-validation-0009,images/cord-validation-0009.png,total_amount,value_mismatch,"""20,000""","""20.000""",,,
cord-validation-0009,images/cord-validation-0009.png,cash_amount,value_mismatch,"""20,000""","""20.000""",,,
cord-validation-0013,images/cord-validation-0013.png,subtotal_amount,value_mismatch,"""41,364""","""7,727""",,,
cord-validation-0017,images/cord-validation-0017.png,subtotal_amount,value_mismatch,"""20,000""","""20.0000""",,,
cord-validation-0017,images/cord-validation-0017.png,total_amount,value_mismatch,"""20,000""","""20.0000""",,,
cord-validation-0017,images/cord-validation-0017.png,cash_amount,value_mismatch,"""100,000""","""100.0000""",,,
cord-validation-0017,images/cord-validation-0017.png,change_amount,value_mismatch,"""80.000""","""80.0000""",,,
cord-validation-0018,images/cord-validation-0018.png,total_amount,value_mismatch,"""25,000""","""75,000""",,,
