id,image,field,reason,predicted
cord-validation-0002,images/cord-validation-0002.png,tax_amount,percentage_is_not_amount,"""10%"""
cord-validation-0003,images/cord-validation-0003.png,tax_amount,percentage_is_not_amount,"""70%"""
cord-validation-0005,images/cord-validation-0005.png,service_charge,placeholder_is_not_amount,"""null"""
cord-validation-0008,images/cord-validation-0008.png,tax_amount,placeholder_is_not_amount,"""null"""
cord-validation-0008,images/cord-validation-0008.png,service_charge,placeholder_is_not_amount,"""null"""
cord-validation-0011,images/cord-validation-0011.png,service_charge,placeholder_is_not_amount,"""null"""
cord-validation-0011,images/cord-validation-0011.png,cash_amount,placeholder_is_not_amount,"""null"""
cord-validation-0012,images/cord-validation-0012.png,tax_amount,placeholder_is_not_amount,"""null"""
cord-validation-0012,images/cord-validation-0012.png,service_charge,placeholder_is_not_amount,"""null"""
cord-validation-0013,images/cord-validation-0013.png,service_charge,placeholder_is_not_amount,"""null"""
cord-validation-0015,images/cord-validation-0015.png,service_charge,placeholder_is_not_amount,"""null"""
cord-validation-0017,images/cord-validation-0017.png,tax_amount,placeholder_is_not_amount,"""null"""
cord-validation-0017,images/cord-validation-0017.png,service_charge,placeholder_is_not_amount,"""null"""
cord-validation-0019,images/cord-validation-0019.png,tax_amount,placeholder_is_not_amount,"""null"""
cord-validation-0019,images/cord-validation-0019.png,service_charge,placeholder_is_not_amount,"""null"""
